perf_id,employee_id,month,year,tasks_completed,overtime_hours,performance_score,project_success_rate
1,1,1,2025,9,1,73,71
2,1,2,2025,11,2,68,73
3,1,3,2025,9,5,78,73
4,1,4,2025,8,1,71,69
5,1,5,2025,8,5,71,76
6,1,6,2025,14,2,79,83
7,2,1,2025,12,1,70,71
8,2,2,2025,13,3,69,67
9,2,3,2025,13,1,67,68
10,2,4,2025,9,3,76,80
11,2,5,2025,12,1,79,82
12,2,6,2025,9,4,67,70
13,3,1,2025,12,5,76,80
14,3,2,2025,11,1,66,71
15,3,3,2025,11,3,67,65
16,3,4,2025,9,4,73,75
17,3,5,2025,13,2,76,76
18,3,6,2025,11,3,67,71
19,4,1,2025,10,5,72,69
20,4,2,2025,15,4,73,78
21,4,3,2025,11,3,66,64
22,4,4,2025,8,3,77,76
23,4,5,2025,9,2,75,73
24,4,6,2025,15,4,79,76
25,5,1,2025,12,2,72,75
26,5,2,2025,12,5,78,82
27,5,3,2025,14,3,72,69
28,5,4,2025,15,1,66,62
29,5,5,2025,10,2,78,82
30,5,6,2025,9,4,77,81
31,6,1,2025,15,5,73,76
32,6,2,2025,8,1,73,78
33,6,3,2025,13,1,74,75
34,6,4,2025,10,4,65,64
35,6,5,2025,10,5,68,73
36,6,6,2025,12,5,71,68
37,7,1,2025,13,2,65,69
38,7,2,2025,13,4,65,61
39,7,3,2025,13,3,72,67
40,7,4,2025,11,5,67,63
41,7,5,2025,15,1,69,66
42,7,6,2025,15,5,70,69
43,8,1,2025,20,6,88,86
44,8,2,2025,20,3,84,85
45,8,3,2025,17,5,89,85
46,8,4,2025,15,3,77,77
47,8,5,2025,12,6,82,86
48,8,6,2025,15,2,77,82
49,9,1,2025,12,3,77,72
50,9,2,2025,17,2,82,81
51,9,3,2025,19,3,79,83
52,9,4,2025,19,3,90,91
53,9,5,2025,15,2,78,83
54,9,6,2025,18,4,88,89
55,10,1,2025,19,2,78,73
56,10,2,2025,18,4,78,76
57,10,3,2025,15,3,89,86
58,10,4,2025,18,3,83,85
59,10,5,2025,15,2,89,92
60,10,6,2025,13,2,75,71
61,11,1,2025,18,3,93,95
62,11,2,2025,22,3,92,87
63,11,3,2025,17,5,80,81
64,11,4,2025,19,8,94,93
65,11,5,2025,21,7,95,92
66,11,6,2025,18,4,86,81
67,12,1,2025,8,3,66,61
68,12,2,2025,15,5,70,65
69,12,3,2025,9,2,67,71
70,12,4,2025,9,2,77,73
71,12,5,2025,11,5,66,70
72,12,6,2025,9,4,75,74
73,13,1,2025,11,3,72,71
74,13,2,2025,14,2,74,76
75,13,3,2025,13,1,65,67
76,13,4,2025,9,1,71,74
77,13,5,2025,12,2,76,72
78,13,6,2025,11,3,74,71
79,14,1,2025,22,8,89,93
80,14,2,2025,25,6,80,85
81,14,3,2025,23,4,83,80
82,14,4,2025,19,2,83,86
83,14,5,2025,17,4,89,93
84,14,6,2025,18,7,90,88
85,15,1,2025,12,5,80,79
86,15,2,2025,8,1,78,77
87,15,3,2025,8,1,75,72
88,15,4,2025,12,2,79,82
89,15,5,2025,14,5,65,61
90,15,6,2025,9,2,66,66
91,16,1,2025,24,6,84,85
92,16,2,2025,17,2,89,89
93,16,3,2025,15,4,86,91
94,16,4,2025,18,7,83,83
95,16,5,2025,23,8,93,97
96,16,6,2025,17,3,85,82
97,17,1,2025,18,2,80,80
98,17,2,2025,18,3,83,80
99,17,3,2025,13,5,76,78
100,17,4,2025,15,3,89,89
101,17,5,2025,16,3,82,77
102,17,6,2025,15,5,85,84
103,18,1,2025,16,8,88,88
104,18,2,2025,25,6,92,97
105,18,3,2025,23,4,80,76
106,18,4,2025,19,3,88,83
107,18,5,2025,16,6,93,93
108,18,6,2025,20,5,83,84
109,19,1,2025,15,4,76,77
110,19,2,2025,12,6,81,81
111,19,3,2025,18,2,85,89
112,19,4,2025,17,2,84,87
113,19,5,2025,16,5,85,86
114,19,6,2025,16,6,79,77
115,20,1,2025,21,7,92,97
116,20,2,2025,17,6,89,90
117,20,3,2025,23,8,80,79
118,20,4,2025,19,3,93,97
119,20,5,2025,24,7,90,92
120,20,6,2025,22,5,86,89
121,21,1,2025,19,3,77,76
122,21,2,2025,20,6,85,81
123,21,3,2025,15,4,82,80
124,21,4,2025,14,2,76,74
125,21,5,2025,19,6,77,79
126,21,6,2025,18,6,81,82
127,22,1,2025,15,4,72,69
128,22,2,2025,8,1,78,76
129,22,3,2025,10,5,79,74
130,22,4,2025,11,1,79,76
131,22,5,2025,15,5,75,77
132,22,6,2025,14,5,79,76
133,23,1,2025,22,5,88,86
134,23,2,2025,25,4,95,100
135,23,3,2025,18,4,94,90
136,23,4,2025,19,3,88,88
137,23,5,2025,20,6,82,79
138,23,6,2025,17,3,92,89
139,24,1,2025,15,2,88,89
140,24,2,2025,17,6,89,90
141,24,3,2025,12,3,88,89
142,24,4,2025,12,6,87,89
143,24,5,2025,12,4,84,85
144,24,6,2025,18,6,82,84
145,25,1,2025,11,3,78,80
146,25,2,2025,8,4,75,80
147,25,3,2025,14,2,79,76
148,25,4,2025,8,4,65,61
149,25,5,2025,14,2,79,76
150,25,6,2025,8,3,77,77
151,26,1,2025,18,5,90,90
152,26,2,2025,21,4,93,92
153,26,3,2025,16,5,80,83
154,26,4,2025,15,4,87,92
155,26,5,2025,16,8,81,76
156,26,6,2025,18,3,80,84
157,27,1,2025,14,3,79,81
158,27,2,2025,13,6,81,83
159,27,3,2025,16,4,80,84
160,27,4,2025,13,3,84,80
161,27,5,2025,12,4,87,88
162,27,6,2025,15,2,82,78
163,28,1,2025,16,6,78,82
164,28,2,2025,12,4,88,93
165,28,3,2025,17,2,85,80
166,28,4,2025,18,5,78,79
167,28,5,2025,17,5,79,80
168,28,6,2025,14,6,83,87
169,29,1,2025,20,5,89,90
170,29,2,2025,16,4,82,78
171,29,3,2025,16,5,82,84
172,29,4,2025,18,4,75,77
173,29,5,2025,17,3,90,88
174,29,6,2025,17,4,85,84
175,30,1,2025,12,5,65,68
176,30,2,2025,11,1,72,73
177,30,3,2025,15,5,72,74
178,30,4,2025,15,4,65,61
179,30,5,2025,12,2,77,75
180,30,6,2025,12,5,76,78
181,31,1,2025,13,4,75,75
182,31,2,2025,15,3,74,73
183,31,3,2025,11,1,71,71
184,31,4,2025,9,5,70,68
185,31,5,2025,11,4,73,77
186,31,6,2025,12,1,71,70
187,32,1,2025,18,4,85,84
188,32,2,2025,15,7,84,83
189,32,3,2025,15,2,89,86
190,32,4,2025,25,8,95,91
191,32,5,2025,15,6,89,91
192,32,6,2025,22,5,90,87
193,33,1,2025,8,3,80,76
194,33,2,2025,9,4,80,76
195,33,3,2025,8,2,69,73
196,33,4,2025,12,1,72,68
197,33,5,2025,14,5,72,75
198,33,6,2025,14,4,79,78
199,34,1,2025,18,4,76,80
200,34,2,2025,13,3,81,80
201,34,3,2025,13,3,82,79
202,34,4,2025,20,2,80,75
203,34,5,2025,18,5,90,89
204,34,6,2025,12,3,84,83
205,35,1,2025,19,2,82,81
206,35,2,2025,15,5,78,81
207,35,3,2025,15,3,83,80
208,35,4,2025,13,2,80,79
209,35,5,2025,16,5,78,80
210,35,6,2025,16,5,83,86
211,36,1,2025,15,4,67,71
212,36,2,2025,8,4,75,79
213,36,3,2025,12,1,67,65
214,36,4,2025,8,3,66,63
215,36,5,2025,15,5,79,78
216,36,6,2025,10,5,78,83
217,37,1,2025,15,1,80,80
218,37,2,2025,14,3,75,80
219,37,3,2025,9,2,75,76
220,37,4,2025,15,3,77,80
221,37,5,2025,8,4,67,67
222,37,6,2025,12,3,68,69
223,38,1,2025,20,2,89,90
224,38,2,2025,12,3,86,90
225,38,3,2025,19,5,76,74
226,38,4,2025,16,6,79,78
227,38,5,2025,19,5,78,73
228,38,6,2025,15,3,84,87
229,39,1,2025,15,6,93,89
230,39,2,2025,18,8,83,85
231,39,3,2025,16,7,84,86
232,39,4,2025,19,6,88,89
233,39,5,2025,22,5,87,89
234,39,6,2025,23,3,92,90
235,40,1,2025,24,6,84,80
236,40,2,2025,19,8,93,93
237,40,3,2025,23,4,80,79
238,40,4,2025,19,8,95,92
239,40,5,2025,22,6,95,95
240,40,6,2025,20,6,92,94
241,41,1,2025,17,3,82,86
242,41,2,2025,18,3,88,83
243,41,3,2025,17,5,87,88
244,41,4,2025,14,5,76,73
245,41,5,2025,20,6,85,81
246,41,6,2025,19,2,89,84
247,42,1,2025,14,5,79,75
248,42,2,2025,19,4,85,89
249,42,3,2025,18,2,85,90
250,42,4,2025,20,5,85,90
251,42,5,2025,19,6,76,80
252,42,6,2025,13,3,84,82
253,43,1,2025,16,5,83,88
254,43,2,2025,16,5,85,84
255,43,3,2025,15,2,90,85
256,43,4,2025,19,4,91,92
257,43,5,2025,17,3,93,97
258,43,6,2025,25,8,85,82
259,44,1,2025,10,1,77,81
260,44,2,2025,11,4,69,67
261,44,3,2025,15,3,79,78
262,44,4,2025,8,4,74,79
263,44,5,2025,10,1,79,79
264,44,6,2025,12,4,73,75
265,45,1,2025,12,2,77,79
266,45,2,2025,9,2,77,81
267,45,3,2025,13,5,74,73
268,45,4,2025,8,4,73,68
269,45,5,2025,8,5,80,79
270,45,6,2025,11,5,76,74
271,46,1,2025,11,5,73,78
272,46,2,2025,10,1,66,65
273,46,3,2025,15,1,76,73
274,46,4,2025,9,3,75,76
275,46,5,2025,10,2,69,72
276,46,6,2025,13,5,73,70
277,47,1,2025,16,5,84,84
278,47,2,2025,13,5,77,74
279,47,3,2025,15,5,86,82
280,47,4,2025,18,2,83,86
281,47,5,2025,13,5,86,91
282,47,6,2025,16,6,87,92
283,48,1,2025,13,1,72,74
284,48,2,2025,8,5,75,79
285,48,3,2025,11,1,79,78
286,48,4,2025,14,1,69,64
287,48,5,2025,8,3,80,76
288,48,6,2025,9,2,69,70
289,49,1,2025,19,4,88,92
290,49,2,2025,14,5,78,80
291,49,3,2025,18,4,76,76
292,49,4,2025,15,5,89,87
293,49,5,2025,17,2,86,89
294,49,6,2025,17,2,87,86
295,50,1,2025,15,2,89,85
296,50,2,2025,15,6,75,70
297,50,3,2025,17,3,79,83
298,50,4,2025,15,2,81,85
299,50,5,2025,15,3,85,82
300,50,6,2025,12,4,79,76
301,51,1,2025,12,2,68,73
302,51,2,2025,8,2,65,65
303,51,3,2025,11,5,75,70
304,51,4,2025,10,3,66,63
305,51,5,2025,14,5,68,64
306,51,6,2025,15,4,76,79
307,52,1,2025,9,4,72,76
308,52,2,2025,8,5,74,76
309,52,3,2025,8,1,80,81
310,52,4,2025,14,1,80,82
311,52,5,2025,9,1,75,79
312,52,6,2025,10,1,69,68
313,53,1,2025,20,4,87,91
314,53,2,2025,20,4,89,92
315,53,3,2025,18,2,78,83
316,53,4,2025,20,3,88,90
317,53,5,2025,15,5,85,87
318,53,6,2025,18,5,78,78
319,54,1,2025,21,4,88,88
320,54,2,2025,17,7,95,91
321,54,3,2025,16,8,82,78
322,54,4,2025,21,2,91,88
323,54,5,2025,23,2,90,95
324,54,6,2025,16,5,91,96
325,55,1,2025,18,2,84,88
326,55,2,2025,16,4,78,82
327,55,3,2025,20,3,79,84
328,55,4,2025,19,3,78,78
329,55,5,2025,20,4,78,77
330,55,6,2025,15,5,75,79
331,56,1,2025,12,1,70,69
332,56,2,2025,12,3,76,71
333,56,3,2025,10,2,77,73
334,56,4,2025,10,1,67,70
335,56,5,2025,11,4,78,80
336,56,6,2025,13,2,76,75
337,57,1,2025,17,6,77,72
338,57,2,2025,14,3,76,81
339,57,3,2025,13,4,89,94
340,57,4,2025,18,5,89,90
341,57,5,2025,16,3,78,78
342,57,6,2025,18,2,84,89
343,58,1,2025,25,6,95,98
344,58,2,2025,25,4,81,79
345,58,3,2025,21,6,81,76
346,58,4,2025,18,4,86,83
347,58,5,2025,19,4,90,86
348,58,6,2025,15,5,93,90
349,59,1,2025,14,5,82,85
350,59,2,2025,20,4,77,78
351,59,3,2025,12,5,75,77
352,59,4,2025,13,4,88,92
353,59,5,2025,18,5,84,80
354,59,6,2025,18,2,85,82
355,60,1,2025,15,3,67,68
356,60,2,2025,9,2,78,82
357,60,3,2025,14,5,67,68
358,60,4,2025,12,3,72,72
359,60,5,2025,10,1,68,71
360,60,6,2025,11,3,76,81
361,61,1,2025,17,3,83,80
362,61,2,2025,19,3,85,89
363,61,3,2025,17,8,82,79
364,61,4,2025,25,5,94,98
365,61,5,2025,24,5,90,95
366,61,6,2025,20,3,94,90
367,62,1,2025,15,4,74,73
368,62,2,2025,8,3,67,66
369,62,3,2025,15,4,66,61
370,62,4,2025,13,3,67,72
371,62,5,2025,9,5,77,79
372,62,6,2025,8,4,71,71
373,63,1,2025,24,5,84,79
374,63,2,2025,22,2,90,86
375,63,3,2025,23,7,85,80
376,63,4,2025,18,7,94,96
377,63,5,2025,23,6,85,85
378,63,6,2025,20,4,92,93
379,64,1,2025,20,7,81,86
380,64,2,2025,25,4,82,82
381,64,3,2025,16,6,92,91
382,64,4,2025,19,7,84,84
383,64,5,2025,16,6,84,84
384,64,6,2025,19,7,92,89
385,65,1,2025,24,7,82,81
386,65,2,2025,23,5,90,87
387,65,3,2025,25,7,82,87
388,65,4,2025,25,5,91,86
389,65,5,2025,20,4,85,83
390,65,6,2025,20,8,95,93
391,66,1,2025,18,3,84,80
392,66,2,2025,19,8,83,86
393,66,3,2025,23,8,81,86
394,66,4,2025,20,8,84,88
395,66,5,2025,21,3,85,82
396,66,6,2025,24,8,85,87
397,67,1,2025,8,4,76,81
398,67,2,2025,11,4,74,76
399,67,3,2025,11,5,72,71
400,67,4,2025,15,2,76,81
401,67,5,2025,15,4,74,75
402,67,6,2025,14,2,71,75
403,68,1,2025,14,4,76,81
404,68,2,2025,19,4,78,81
405,68,3,2025,13,4,77,74
406,68,4,2025,16,5,79,80
407,68,5,2025,13,3,89,89
408,68,6,2025,12,5,76,77
409,69,1,2025,20,4,82,83
410,69,2,2025,13,4,82,77
411,69,3,2025,17,2,85,82
412,69,4,2025,14,2,84,86
413,69,5,2025,14,5,89,93
414,69,6,2025,12,2,75,74
415,70,1,2025,11,2,78,74
416,70,2,2025,12,2,74,70
417,70,3,2025,8,2,78,83
418,70,4,2025,15,1,68,70
419,70,5,2025,8,5,72,69
420,70,6,2025,12,4,65,69
421,71,1,2025,13,2,78,75
422,71,2,2025,9,5,76,72
423,71,3,2025,8,4,80,75
424,71,4,2025,14,3,73,68
425,71,5,2025,13,1,76,74
426,71,6,2025,9,5,75,72
427,72,1,2025,12,4,85,90
428,72,2,2025,14,5,90,95
429,72,3,2025,14,3,77,79
430,72,4,2025,12,4,81,76
431,72,5,2025,15,2,85,84
432,72,6,2025,20,5,90,89
433,73,1,2025,15,8,86,85
434,73,2,2025,20,8,81,86
435,73,3,2025,20,4,83,83
436,73,4,2025,21,5,94,95
437,73,5,2025,20,3,95,97
438,73,6,2025,20,8,88,84
439,74,1,2025,14,1,78,82
440,74,2,2025,10,5,74,74
441,74,3,2025,9,1,75,80
442,74,4,2025,12,3,79,83
443,74,5,2025,14,2,79,79
444,74,6,2025,15,1,76,80
445,75,1,2025,14,3,66,62
446,75,2,2025,14,3,70,65
447,75,3,2025,10,5,79,74
448,75,4,2025,10,1,72,77
449,75,5,2025,13,3,77,81
450,75,6,2025,8,5,69,74
451,76,1,2025,22,4,91,93
452,76,2,2025,16,6,84,87
453,76,3,2025,20,5,90,95
454,76,4,2025,19,3,83,78
455,76,5,2025,17,5,92,95
456,76,6,2025,16,4,88,90
457,77,1,2025,15,6,84,86
458,77,2,2025,15,2,79,75
459,77,3,2025,19,3,89,85
460,77,4,2025,17,4,77,80
461,77,5,2025,20,4,84,81
462,77,6,2025,14,4,82,78
463,78,1,2025,15,3,82,84
464,78,2,2025,12,4,86,88
465,78,3,2025,20,3,77,73
466,78,4,2025,16,5,90,93
467,78,5,2025,18,5,77,74
468,78,6,2025,17,2,89,91
469,79,1,2025,13,2,70,67
470,79,2,2025,14,5,66,62
471,79,3,2025,10,3,70,67
472,79,4,2025,13,2,76,79
473,79,5,2025,12,1,73,71
474,79,6,2025,12,2,74,78
475,80,1,2025,23,2,85,89
476,80,2,2025,24,3,85,90
477,80,3,2025,24,7,90,94
478,80,4,2025,15,8,80,76
479,80,5,2025,15,7,88,93
480,80,6,2025,18,8,93,97
481,81,1,2025,8,4,74,79
482,81,2,2025,12,4,72,77
483,81,3,2025,14,3,79,75
484,81,4,2025,8,2,79,80
485,81,5,2025,15,4,71,71
486,81,6,2025,10,3,75,75
487,82,1,2025,18,3,86,89
488,82,2,2025,20,2,85,83
489,82,3,2025,19,2,83,85
490,82,4,2025,15,3,78,73
491,82,5,2025,16,5,88,86
492,82,6,2025,14,4,85,83
493,83,1,2025,10,4,79,81
494,83,2,2025,12,4,65,61
495,83,3,2025,14,5,79,77
496,83,4,2025,11,5,76,71
497,83,5,2025,8,3,80,84
498,83,6,2025,15,3,65,61
499,84,1,2025,18,3,83,83
500,84,2,2025,18,4,76,77
501,84,3,2025,12,6,81,81
502,84,4,2025,20,4,77,78
503,84,5,2025,20,5,83,87
504,84,6,2025,13,3,78,79
505,85,1,2025,20,8,90,93
506,85,2,2025,20,8,84,82
507,85,3,2025,24,6,92,95
508,85,4,2025,15,2,81,78
509,85,5,2025,20,8,95,98
510,85,6,2025,22,3,84,84
511,86,1,2025,13,2,77,81
512,86,2,2025,12,5,75,78
513,86,3,2025,15,5,74,76
514,86,4,2025,8,3,75,80
515,86,5,2025,9,4,74,79
516,86,6,2025,8,5,80,79
517,87,1,2025,25,8,87,82
518,87,2,2025,24,5,85,88
519,87,3,2025,25,7,92,89
520,87,4,2025,25,3,81,85
521,87,5,2025,16,3,80,82
522,87,6,2025,20,5,84,85
523,88,1,2025,11,4,80,75
524,88,2,2025,10,5,71,74
525,88,3,2025,13,4,77,77
526,88,4,2025,10,4,75,78
527,88,5,2025,13,3,80,78
528,88,6,2025,11,3,74,72
529,89,1,2025,16,4,81,83
530,89,2,2025,17,5,86,89
531,89,3,2025,16,4,78,82
532,89,4,2025,20,5,87,87
533,89,5,2025,14,4,76,75
534,89,6,2025,13,4,89,94
535,90,1,2025,16,5,81,79
536,90,2,2025,20,4,83,80
537,90,3,2025,13,6,82,80
538,90,4,2025,12,6,82,87
539,90,5,2025,15,2,78,79
540,90,6,2025,17,5,78,83
541,91,1,2025,14,2,80,81
542,91,2,2025,19,5,81,80
543,91,3,2025,17,4,76,72
544,91,4,2025,15,6,76,73
545,91,5,2025,18,3,76,77
546,91,6,2025,19,3,84,79
547,92,1,2025,12,4,78,78
548,92,2,2025,16,5,90,87
549,92,3,2025,20,5,83,81
550,92,4,2025,13,4,80,82
551,92,5,2025,16,3,75,75
552,92,6,2025,16,6,81,78
553,93,1,2025,14,4,75,71
554,93,2,2025,14,1,70,67
555,93,3,2025,15,3,72,67
556,93,4,2025,12,4,72,74
557,93,5,2025,12,3,74,78
558,93,6,2025,8,3,76,74
559,94,1,2025,12,2,89,88
560,94,2,2025,14,5,84,80
561,94,3,2025,16,4,82,80
562,94,4,2025,14,5,79,81
563,94,5,2025,17,5,90,93
564,94,6,2025,15,3,77,80
565,95,1,2025,19,6,86,82
566,95,2,2025,13,2,81,85
567,95,3,2025,20,3,80,80
568,95,4,2025,20,5,78,83
569,95,5,2025,15,6,90,86
570,95,6,2025,20,5,76,78
571,96,1,2025,10,5,78,80
572,96,2,2025,8,5,79,84
573,96,3,2025,12,1,77,76
574,96,4,2025,8,2,67,62
575,96,5,2025,14,3,67,70
576,96,6,2025,8,1,80,75
577,97,1,2025,12,4,70,67
578,97,2,2025,14,3,77,79
579,97,3,2025,14,4,67,72
580,97,4,2025,10,3,68,65
581,97,5,2025,14,5,69,67
582,97,6,2025,8,1,74,76
583,98,1,2025,25,7,93,96
584,98,2,2025,21,8,87,85
585,98,3,2025,22,4,84,83
586,98,4,2025,18,7,83,78
587,98,5,2025,25,5,80,78
588,98,6,2025,18,2,83,87
589,99,1,2025,8,4,66,64
590,99,2,2025,8,4,79,77
591,99,3,2025,11,1,69,72
592,99,4,2025,12,2,75,79
593,99,5,2025,13,2,74,71
594,99,6,2025,11,4,74,73
595,100,1,2025,15,6,85,90
596,100,2,2025,25,5,95,90
597,100,3,2025,20,7,92,95
598,100,4,2025,20,7,93,94
599,100,5,2025,17,4,92,89
600,100,6,2025,23,5,87,85
601,101,1,2025,19,8,84,86
602,101,2,2025,15,6,93,94
603,101,3,2025,23,6,84,85
604,101,4,2025,18,4,86,86
605,101,5,2025,25,2,94,94
606,101,6,2025,16,6,86,81
607,102,1,2025,19,5,81,77
608,102,2,2025,18,8,86,88
609,102,3,2025,18,8,90,89
610,102,4,2025,15,3,86,82
611,102,5,2025,22,3,86,87
612,102,6,2025,18,6,90,89
613,103,1,2025,21,5,91,90
614,103,2,2025,19,4,95,97
615,103,3,2025,16,8,95,95
616,103,4,2025,18,4,90,91
617,103,5,2025,15,6,87,84
618,103,6,2025,15,4,93,92
619,104,1,2025,14,3,85,83
620,104,2,2025,18,6,82,84
621,104,3,2025,20,4,83,85
622,104,4,2025,19,5,80,80
623,104,5,2025,14,3,90,87
624,104,6,2025,20,2,76,72
625,105,1,2025,12,2,88,85
626,105,2,2025,15,2,79,74
627,105,3,2025,15,6,89,89
628,105,4,2025,12,6,90,95
629,105,5,2025,19,2,75,78
630,105,6,2025,20,5,75,70
631,106,1,2025,23,7,88,91
632,106,2,2025,19,2,93,90
633,106,3,2025,16,2,84,82
634,106,4,2025,18,6,88,88
635,106,5,2025,19,8,92,88
636,106,6,2025,20,5,94,98
637,107,1,2025,18,7,87,86
638,107,2,2025,25,8,82,87
639,107,3,2025,25,8,81,77
640,107,4,2025,21,5,92,95
641,107,5,2025,22,2,80,77
642,107,6,2025,16,5,93,98
643,108,1,2025,20,6,83,86
644,108,2,2025,15,3,86,90
645,108,3,2025,22,4,81,77
646,108,4,2025,25,4,81,78
647,108,5,2025,20,2,86,90
648,108,6,2025,17,8,92,88
649,109,1,2025,19,3,87,91
650,109,2,2025,21,7,90,91
651,109,3,2025,17,8,82,85
652,109,4,2025,20,2,83,84
653,109,5,2025,18,8,82,82
654,109,6,2025,24,8,92,92
655,110,1,2025,8,3,79,81
656,110,2,2025,11,3,77,78
657,110,3,2025,10,5,77,73
658,110,4,2025,12,2,67,63
659,110,5,2025,12,2,77,82
660,110,6,2025,10,4,75,75
661,111,1,2025,9,1,65,64
662,111,2,2025,15,3,73,69
663,111,3,2025,10,1,70,71
664,111,4,2025,15,5,78,74
665,111,5,2025,8,1,76,79
666,111,6,2025,9,5,75,76
667,112,1,2025,12,4,88,89
668,112,2,2025,13,6,82,86
669,112,3,2025,20,3,87,84
670,112,4,2025,14,4,84,83
671,112,5,2025,19,3,77,74
672,112,6,2025,18,4,88,87
673,113,1,2025,19,2,86,85
674,113,2,2025,15,5,81,83
675,113,3,2025,13,3,84,79
676,113,4,2025,18,4,87,87
677,113,5,2025,19,4,88,93
678,113,6,2025,14,4,85,89
679,114,1,2025,15,5,85,82
680,114,2,2025,18,4,84,89
681,114,3,2025,19,6,82,82
682,114,4,2025,18,4,87,87
683,114,5,2025,13,6,81,85
684,114,6,2025,20,3,75,77
685,115,1,2025,11,4,74,70
686,115,2,2025,14,4,69,74
687,115,3,2025,12,2,73,78
688,115,4,2025,10,4,77,73
689,115,5,2025,15,5,80,84
690,115,6,2025,14,5,78,81
691,116,1,2025,8,3,67,63
692,116,2,2025,11,3,70,75
693,116,3,2025,8,5,77,77
694,116,4,2025,14,1,65,61
695,116,5,2025,12,2,72,74
696,116,6,2025,13,4,79,84
697,117,1,2025,20,3,86,81
698,117,2,2025,19,2,84,85
699,117,3,2025,13,2,79,79
700,117,4,2025,16,4,89,87
701,117,5,2025,20,5,86,88
702,117,6,2025,13,5,89,89
703,118,1,2025,16,4,81,77
704,118,2,2025,15,8,90,95
705,118,3,2025,16,7,85,83
706,118,4,2025,23,3,85,85
707,118,5,2025,23,5,94,92
708,118,6,2025,21,7,85,82
709,119,1,2025,18,5,75,79
710,119,2,2025,15,5,88,89
711,119,3,2025,12,3,81,80
712,119,4,2025,13,6,78,81
713,119,5,2025,14,4,85,83
714,119,6,2025,19,2,83,88
715,120,1,2025,22,6,90,94
716,120,2,2025,21,6,92,96
717,120,3,2025,16,4,91,93
718,120,4,2025,24,3,89,93
719,120,5,2025,24,2,84,84
720,120,6,2025,16,3,89,85
721,121,1,2025,17,4,84,87
722,121,2,2025,21,5,84,88
723,121,3,2025,21,5,85,87
724,121,4,2025,25,6,85,88
725,121,5,2025,17,5,89,86
726,121,6,2025,17,4,94,98
727,122,1,2025,12,4,75,77
728,122,2,2025,14,3,87,90
729,122,3,2025,20,5,88,93
730,122,4,2025,19,5,89,91
731,122,5,2025,14,2,75,73
732,122,6,2025,16,2,83,81
733,123,1,2025,12,2,79,83
734,123,2,2025,15,5,68,72
735,123,3,2025,9,3,76,79
736,123,4,2025,8,4,71,72
737,123,5,2025,9,2,74,69
738,123,6,2025,15,3,76,72
739,124,1,2025,19,2,82,80
740,124,2,2025,17,6,88,85
741,124,3,2025,14,3,81,76
742,124,4,2025,17,6,83,87
743,124,5,2025,20,3,85,84
744,124,6,2025,16,6,83,86
745,125,1,2025,13,3,88,83
746,125,2,2025,16,3,79,77
747,125,3,2025,14,4,82,87
748,125,4,2025,18,5,79,83
749,125,5,2025,16,5,87,89
750,125,6,2025,13,2,87,90
751,126,1,2025,19,7,91,93
752,126,2,2025,22,4,80,76
753,126,3,2025,22,7,91,87
754,126,4,2025,23,5,86,87
755,126,5,2025,18,5,88,88
756,126,6,2025,19,4,84,88
757,127,1,2025,19,4,76,71
758,127,2,2025,13,5,75,71
759,127,3,2025,14,5,89,84
760,127,4,2025,18,3,79,84
761,127,5,2025,16,3,83,79
762,127,6,2025,17,4,77,77
763,128,1,2025,14,2,87,92
764,128,2,2025,16,3,88,93
765,128,3,2025,13,2,75,73
766,128,4,2025,19,2,79,83
767,128,5,2025,15,6,89,84
768,128,6,2025,12,4,78,79
769,129,1,2025,14,5,77,75
770,129,2,2025,18,2,78,74
771,129,3,2025,17,4,84,81
772,129,4,2025,18,3,79,75
773,129,5,2025,20,6,75,79
774,129,6,2025,14,5,86,84
775,130,1,2025,10,4,79,77
776,130,2,2025,9,1,69,65
777,130,3,2025,14,3,78,78
778,130,4,2025,10,2,73,78
779,130,5,2025,9,2,74,69
780,130,6,2025,12,2,71,72
781,131,1,2025,16,2,82,84
782,131,2,2025,18,2,82,84
783,131,3,2025,13,6,75,75
784,131,4,2025,17,3,87,91
785,131,5,2025,18,4,80,82
786,131,6,2025,13,2,77,72
787,132,1,2025,16,3,76,71
788,132,2,2025,18,6,84,89
789,132,3,2025,20,5,88,89
790,132,4,2025,13,6,79,78
791,132,5,2025,13,4,77,80
792,132,6,2025,15,3,85,86
793,133,1,2025,13,4,88,86
794,133,2,2025,12,3,77,78
795,133,3,2025,13,5,76,75
796,133,4,2025,14,2,75,72
797,133,5,2025,12,3,90,90
798,133,6,2025,20,6,83,80
799,134,1,2025,17,3,83,79
800,134,2,2025,12,4,88,87
801,134,3,2025,20,2,83,87
802,134,4,2025,13,5,89,92
803,134,5,2025,17,2,90,94
804,134,6,2025,14,4,80,79
805,135,1,2025,13,6,78,76
806,135,2,2025,20,2,76,71
807,135,3,2025,15,2,90,90
808,135,4,2025,18,3,80,75
809,135,5,2025,20,5,82,82
810,135,6,2025,15,5,85,84
811,136,1,2025,13,6,86,82
812,136,2,2025,20,2,80,78
813,136,3,2025,20,2,87,83
814,136,4,2025,19,4,84,84
815,136,5,2025,13,6,89,84
816,136,6,2025,17,3,84,88
817,137,1,2025,12,5,72,74
818,137,2,2025,13,5,80,78
819,137,3,2025,11,2,65,66
820,137,4,2025,8,2,76,81
821,137,5,2025,8,3,65,70
822,137,6,2025,14,3,68,66
823,138,1,2025,11,4,80,75
824,138,2,2025,10,3,67,62
825,138,3,2025,11,5,78,78
826,138,4,2025,15,1,68,71
827,138,5,2025,10,4,67,71
828,138,6,2025,8,4,69,67
829,139,1,2025,12,3,75,76
830,139,2,2025,13,3,79,78
831,139,3,2025,11,1,71,68
832,139,4,2025,9,2,68,65
833,139,5,2025,15,4,75,76
834,139,6,2025,9,5,76,74
835,140,1,2025,19,4,89,88
836,140,2,2025,13,2,80,85
837,140,3,2025,16,6,76,74
838,140,4,2025,17,3,77,75
839,140,5,2025,17,5,76,81
840,140,6,2025,16,4,80,75
841,141,1,2025,21,8,94,97
842,141,2,2025,23,3,83,85
843,141,3,2025,16,8,84,80
844,141,4,2025,15,2,87,84
845,141,5,2025,18,8,92,92
846,141,6,2025,25,7,82,86
847,142,1,2025,24,4,82,77
848,142,2,2025,16,3,94,91
849,142,3,2025,16,8,90,86
850,142,4,2025,15,5,81,78
851,142,5,2025,24,5,92,94
852,142,6,2025,15,5,93,90
853,143,1,2025,13,2,70,69
854,143,2,2025,12,4,69,64
855,143,3,2025,11,3,80,81
856,143,4,2025,15,1,67,66
857,143,5,2025,14,2,78,76
858,143,6,2025,11,5,65,66
859,144,1,2025,20,5,95,95
860,144,2,2025,24,6,90,91
861,144,3,2025,19,3,80,80
862,144,4,2025,24,3,80,79
863,144,5,2025,15,8,95,98
864,144,6,2025,20,8,87,84
865,145,1,2025,16,3,87,86
866,145,2,2025,23,8,81,79
867,145,3,2025,24,8,92,92
868,145,4,2025,17,3,87,91
869,145,5,2025,20,8,91,95
870,145,6,2025,15,7,91,95
871,146,1,2025,24,3,86,88
872,146,2,2025,23,4,85,87
873,146,3,2025,15,2,81,79
874,146,4,2025,24,3,80,83
875,146,5,2025,22,2,90,94
876,146,6,2025,18,8,84,84
877,147,1,2025,14,4,76,71
878,147,2,2025,14,6,79,75
879,147,3,2025,20,4,77,77
880,147,4,2025,18,6,78,78
881,147,5,2025,16,4,79,76
882,147,6,2025,18,5,85,82
883,148,1,2025,23,7,91,89
884,148,2,2025,25,6,85,86
885,148,3,2025,19,7,89,86
886,148,4,2025,17,7,80,84
887,148,5,2025,21,8,81,78
888,148,6,2025,24,4,87,92
889,149,1,2025,13,5,79,79
890,149,2,2025,13,3,86,86
891,149,3,2025,14,2,85,87
892,149,4,2025,12,4,81,79
893,149,5,2025,13,4,83,79
894,149,6,2025,12,2,87,89
895,150,1,2025,18,3,88,90
896,150,2,2025,18,4,87,83
897,150,3,2025,19,6,82,79
898,150,4,2025,19,2,76,75
899,150,5,2025,12,4,83,79
900,150,6,2025,13,4,80,81
901,151,1,2025,17,7,82,85
902,151,2,2025,16,4,95,90
903,151,3,2025,21,7,85,89
904,151,4,2025,21,3,81,77
905,151,5,2025,20,3,86,87
906,151,6,2025,23,7,88,93
907,152,1,2025,16,4,82,78
908,152,2,2025,12,5,90,87
909,152,3,2025,12,4,75,76
910,152,4,2025,13,4,90,88
911,152,5,2025,13,2,81,78
912,152,6,2025,16,2,90,86
913,153,1,2025,12,4,80,82
914,153,2,2025,12,1,77,74
915,153,3,2025,13,4,76,73
916,153,4,2025,15,1,73,75
917,153,5,2025,15,3,72,71
918,153,6,2025,8,2,68,64
919,154,1,2025,17,6,88,92
920,154,2,2025,15,6,76,77
921,154,3,2025,20,5,90,94
922,154,4,2025,15,5,84,80
923,154,5,2025,18,2,79,75
924,154,6,2025,19,3,80,78
925,155,1,2025,11,2,66,67
926,155,2,2025,9,4,71,76
927,155,3,2025,10,5,73,73
928,155,4,2025,9,1,77,80
929,155,5,2025,14,5,75,74
930,155,6,2025,15,1,78,74
931,156,1,2025,14,2,69,73
932,156,2,2025,9,1,68,67
933,156,3,2025,13,4,73,74
934,156,4,2025,15,5,80,75
935,156,5,2025,10,3,77,74
936,156,6,2025,14,1,77,77
937,157,1,2025,18,2,95,94
938,157,2,2025,20,2,90,89
939,157,3,2025,19,4,95,100
940,157,4,2025,16,8,87,84
941,157,5,2025,19,7,94,94
942,157,6,2025,19,7,93,97
943,158,1,2025,25,2,86,88
944,158,2,2025,18,8,93,95
945,158,3,2025,23,8,91,86
946,158,4,2025,23,8,85,81
947,158,5,2025,19,7,92,89
948,158,6,2025,23,6,80,77
949,159,1,2025,15,3,76,74
950,159,2,2025,12,5,76,76
951,159,3,2025,15,4,86,88
952,159,4,2025,20,5,78,83
953,159,5,2025,12,3,86,88
954,159,6,2025,19,3,90,94
955,160,1,2025,23,4,91,88
956,160,2,2025,19,7,82,81
957,160,3,2025,15,5,81,78
958,160,4,2025,24,8,86,84
959,160,5,2025,25,3,86,85
960,160,6,2025,25,5,80,85
961,161,1,2025,12,5,79,84
962,161,2,2025,14,6,75,73
963,161,3,2025,16,6,84,89
964,161,4,2025,16,5,87,87
965,161,5,2025,19,4,81,83
966,161,6,2025,16,6,87,91
967,162,1,2025,16,2,91,94
968,162,2,2025,25,6,89,88
969,162,3,2025,25,2,95,91
970,162,4,2025,20,4,90,89
971,162,5,2025,19,7,89,87
972,162,6,2025,17,6,87,82
973,163,1,2025,24,5,90,95
974,163,2,2025,17,7,80,85
975,163,3,2025,22,4,88,89
976,163,4,2025,21,5,81,85
977,163,5,2025,24,8,86,86
978,163,6,2025,18,7,95,100
979,164,1,2025,17,6,84,81
980,164,2,2025,20,3,84,80
981,164,3,2025,19,3,83,86
982,164,4,2025,14,4,77,75
983,164,5,2025,17,3,84,85
984,164,6,2025,17,4,83,87
985,165,1,2025,12,4,68,70
986,165,2,2025,8,5,67,69
987,165,3,2025,11,5,68,73
988,165,4,2025,14,5,74,75
989,165,5,2025,8,2,69,67
990,165,6,2025,13,4,79,76
991,166,1,2025,20,8,85,81
992,166,2,2025,22,4,85,85
993,166,3,2025,25,2,80,82
994,166,4,2025,19,3,85,89
995,166,5,2025,17,5,82,79
996,166,6,2025,24,5,93,94
997,167,1,2025,21,5,92,87
998,167,2,2025,15,6,86,86
999,167,3,2025,15,4,86,81
1000,167,4,2025,25,2,87,85
1001,167,5,2025,20,4,84,80
1002,167,6,2025,21,6,89,86
1003,168,1,2025,16,8,81,80
1004,168,2,2025,19,5,90,91
1005,168,3,2025,25,3,90,92
1006,168,4,2025,20,8,86,83
1007,168,5,2025,21,2,87,85
1008,168,6,2025,17,3,80,84
1009,169,1,2025,10,1,76,81
1010,169,2,2025,8,4,73,76
1011,169,3,2025,8,5,66,71
1012,169,4,2025,9,1,66,62
1013,169,5,2025,14,4,77,73
1014,169,6,2025,12,4,69,67
1015,170,1,2025,25,7,80,79
1016,170,2,2025,21,7,83,88
1017,170,3,2025,23,4,84,85
1018,170,4,2025,16,6,83,82
1019,170,5,2025,16,8,83,85
1020,170,6,2025,18,6,86,85
1021,171,1,2025,11,3,78,77
1022,171,2,2025,10,1,80,78
1023,171,3,2025,15,3,72,67
1024,171,4,2025,8,1,68,72
1025,171,5,2025,15,2,67,70
1026,171,6,2025,9,1,73,78
1027,172,1,2025,15,5,84,83
1028,172,2,2025,19,2,78,75
1029,172,3,2025,12,4,86,91
1030,172,4,2025,17,5,78,74
1031,172,5,2025,12,2,79,84
1032,172,6,2025,14,4,86,88
1033,173,1,2025,16,2,86,86
1034,173,2,2025,14,2,87,88
1035,173,3,2025,19,4,87,89
1036,173,4,2025,18,3,78,75
1037,173,5,2025,12,3,78,79
1038,173,6,2025,19,6,89,86
1039,174,1,2025,14,3,65,70
1040,174,2,2025,10,4,80,76
1041,174,3,2025,14,4,66,62
1042,174,4,2025,12,3,65,70
1043,174,5,2025,11,3,68,69
1044,174,6,2025,11,4,76,81
1045,175,1,2025,18,3,76,71
1046,175,2,2025,14,6,90,92
1047,175,3,2025,14,2,90,90
1048,175,4,2025,15,4,83,78
1049,175,5,2025,20,3,87,88
1050,175,6,2025,15,2,89,91
1051,176,1,2025,24,5,82,84
1052,176,2,2025,22,4,83,85
1053,176,3,2025,25,2,83,84
1054,176,4,2025,21,2,80,76
1055,176,5,2025,24,6,89,92
1056,176,6,2025,23,3,94,94
1057,177,1,2025,17,2,82,84
1058,177,2,2025,17,6,90,95
1059,177,3,2025,17,5,78,74
1060,177,4,2025,15,2,85,85
1061,177,5,2025,16,6,86,82
1062,177,6,2025,12,3,90,87
1063,178,1,2025,18,2,83,87
1064,178,2,2025,15,3,78,79
1065,178,3,2025,15,5,81,81
1066,178,4,2025,13,5,76,81
1067,178,5,2025,13,5,89,94
1068,178,6,2025,20,3,90,85
1069,179,1,2025,20,2,88,92
1070,179,2,2025,19,6,80,84
1071,179,3,2025,14,3,78,79
1072,179,4,2025,17,6,87,88
1073,179,5,2025,15,4,87,87
1074,179,6,2025,16,5,79,76
1075,180,1,2025,21,6,89,92
1076,180,2,2025,20,7,86,84
1077,180,3,2025,18,6,89,94
1078,180,4,2025,20,7,84,89
1079,180,5,2025,17,6,90,86
1080,180,6,2025,20,6,95,99
1081,181,1,2025,14,5,74,75
1082,181,2,2025,8,5,68,63
1083,181,3,2025,14,2,66,71
1084,181,4,2025,8,2,73,70
1085,181,5,2025,12,3,69,64
1086,181,6,2025,12,2,66,66
1087,182,1,2025,15,1,72,77
1088,182,2,2025,14,2,74,79
1089,182,3,2025,8,4,77,78
1090,182,4,2025,13,5,66,61
1091,182,5,2025,12,2,79,77
1092,182,6,2025,13,5,71,69
1093,183,1,2025,12,4,70,75
1094,183,2,2025,9,2,70,73
1095,183,3,2025,9,4,66,67
1096,183,4,2025,12,5,73,70
1097,183,5,2025,10,5,73,68
1098,183,6,2025,13,4,69,64
1099,184,1,2025,14,4,76,81
1100,184,2,2025,16,5,86,82
1101,184,3,2025,17,6,82,79
1102,184,4,2025,20,2,80,81
1103,184,5,2025,20,6,87,83
1104,184,6,2025,17,3,81,86
1105,185,1,2025,20,4,91,90
1106,185,2,2025,18,8,95,98
1107,185,3,2025,25,2,83,88
1108,185,4,2025,20,5,87,92
1109,185,5,2025,24,6,87,82
1110,185,6,2025,25,4,92,88
1111,186,1,2025,18,4,84,79
1112,186,2,2025,20,4,89,91
1113,186,3,2025,12,4,81,81
1114,186,4,2025,20,2,78,75
1115,186,5,2025,20,6,75,80
1116,186,6,2025,13,3,81,86
1117,187,1,2025,14,1,71,74
1118,187,2,2025,14,1,69,64
1119,187,3,2025,15,3,66,62
1120,187,4,2025,9,1,70,69
1121,187,5,2025,9,5,72,71
1122,187,6,2025,14,4,79,84
1123,188,1,2025,14,4,75,70
1124,188,2,2025,14,1,65,70
1125,188,3,2025,9,5,66,62
1126,188,4,2025,13,5,68,67
1127,188,5,2025,12,5,67,66
1128,188,6,2025,15,4,77,82
1129,189,1,2025,15,5,85,88
1130,189,2,2025,18,3,92,95
1131,189,3,2025,19,7,84,83
1132,189,4,2025,25,8,91,86
1133,189,5,2025,23,8,84,80
1134,189,6,2025,15,2,92,95
1135,190,1,2025,20,2,84,82
1136,190,2,2025,17,3,88,93
1137,190,3,2025,20,3,80,77
1138,190,4,2025,15,6,83,81
1139,190,5,2025,13,3,76,79
1140,190,6,2025,19,6,77,76
1141,191,1,2025,25,2,88,84
1142,191,2,2025,18,7,95,95
1143,191,3,2025,20,3,87,83
1144,191,4,2025,19,6,82,80
1145,191,5,2025,20,5,94,94
1146,191,6,2025,24,7,89,93
1147,192,1,2025,10,5,76,76
1148,192,2,2025,14,2,65,65
1149,192,3,2025,11,2,78,77
1150,192,4,2025,13,2,75,77
1151,192,5,2025,15,4,76,75
1152,192,6,2025,15,5,68,65
1153,193,1,2025,9,3,69,72
1154,193,2,2025,11,3,67,63
1155,193,3,2025,8,5,65,69
1156,193,4,2025,14,5,71,66
1157,193,5,2025,12,5,80,85
1158,193,6,2025,10,3,77,75
1159,194,1,2025,12,2,79,82
1160,194,2,2025,9,4,76,79
1161,194,3,2025,8,2,70,73
1162,194,4,2025,10,4,70,67
1163,194,5,2025,10,4,76,71
1164,194,6,2025,11,4,72,68
1165,195,1,2025,12,3,72,67
1166,195,2,2025,11,5,76,77
1167,195,3,2025,15,4,66,61
1168,195,4,2025,13,1,73,72
1169,195,5,2025,10,4,77,77
1170,195,6,2025,9,5,73,74
1171,196,1,2025,11,5,77,77
1172,196,2,2025,13,4,80,84
1173,196,3,2025,8,5,69,71
1174,196,4,2025,10,2,67,70
1175,196,5,2025,12,2,69,66
1176,196,6,2025,10,3,68,73
1177,197,1,2025,15,5,85,81
1178,197,2,2025,19,5,90,88
1179,197,3,2025,14,5,75,73
1180,197,4,2025,12,3,80,77
1181,197,5,2025,20,2,79,74
1182,197,6,2025,14,4,80,83
1183,198,1,2025,21,6,80,85
1184,198,2,2025,19,2,86,88
1185,198,3,2025,24,5,95,92
1186,198,4,2025,18,8,93,97
1187,198,5,2025,17,8,85,89
1188,198,6,2025,25,6,88,85
1189,199,1,2025,25,4,94,98
1190,199,2,2025,24,2,87,88
1191,199,3,2025,21,3,83,78
1192,199,4,2025,18,6,93,90
1193,199,5,2025,24,2,85,87
1194,199,6,2025,24,6,81,84
1195,200,1,2025,9,1,80,85
1196,200,2,2025,10,5,65,70
1197,200,3,2025,14,5,78,78
1198,200,4,2025,8,5,78,76
1199,200,5,2025,15,4,76,80
1200,200,6,2025,9,4,69,68
